{
    "GraphSAGE": {
        "f1_macro": 0.9607843137254902,
        "f1_weighted": 0.9797254901960786,
        "precision_class_0": 0.9824561403508771,
        "recall_class_0": 0.9940828402366864,
        "precision_class_1": 0.9655172413793104,
        "recall_class_1": 0.9032258064516129,
        "auc_roc": 0.9781924031303684,
        "auc_pr": 0.9655480592822687,
        "confusion_matrix": [
            [
                336,
                2
            ],
            [
                6,
                56
            ]
        ]
    },
    "Baseline_RF": {
        "f1_macro": 0.858354934205867,
        "f1_weighted": 0.9314119180158359,
        "precision_class_0": 0.9335180055401662,
        "recall_class_0": 0.9970414201183432,
        "precision_class_1": 0.9743589743589743,
        "recall_class_1": 0.6129032258064516,
        "auc_roc": 0.8206718839473183,
        "auc_pr": 0.7416139424274754,
        "confusion_matrix": [
            [
                337,
                1
            ],
            [
                24,
                38
            ]
        ]
    }
}